id,class
3.jpg,1
4.jpg,2
5.jpg,2
8.jpg,1
9.jpg,1
11.jpg,2
15.jpg,2
18.jpg,1
19.jpg,1
21.jpg,2
22.jpg,2
24.jpg,2
28.jpg,2
30.jpg,2
32.jpg,2
42.jpg,1
43.jpg,1
44.jpg,2
45.jpg,1
46.jpg,2
48.jpg,1
51.jpg,1
54.jpg,2
56.jpg,2
57.jpg,2
59.jpg,2
61.jpg,1
62.jpg,2
64.jpg,2
65.jpg,2
66.jpg,2
70.jpg,2
71.jpg,2
73.jpg,1
75.jpg,2
77.jpg,1
78.jpg,2
85.jpg,2
88.jpg,2
92.jpg,2
93.jpg,1
94.jpg,2
97.jpg,2
98.jpg,2
100.jpg,1
103.jpg,2
105.jpg,2
107.jpg,2
108.jpg,2
109.jpg,2
110.jpg,2
111.jpg,2
113.jpg,2
114.jpg,1
115.jpg,2
116.jpg,2
117.jpg,2
118.jpg,2
119.jpg,2
122.jpg,1
124.jpg,2
126.jpg,2
127.jpg,1
130.jpg,2
131.jpg,2
132.jpg,2
134.jpg,1
135.jpg,1
139.jpg,2
140.jpg,1
142.jpg,2
143.jpg,1
146.jpg,2
147.jpg,1
148.jpg,2
150.jpg,1
152.jpg,2
155.jpg,2
156.jpg,2
160.jpg,2
163.jpg,2
167.jpg,1
169.jpg,2
171.jpg,2
173.jpg,2
179.jpg,2
181.jpg,1
182.jpg,1
183.jpg,2
184.jpg,2
186.jpg,2
187.jpg,2
195.jpg,1
199.jpg,2
200.jpg,1
203.jpg,1
204.jpg,2
209.jpg,2
215.jpg,1
217.jpg,1
218.jpg,2
222.jpg,1
223.jpg,2
225.jpg,1
226.jpg,2
228.jpg,2
231.jpg,2
237.jpg,2
238.jpg,2
239.jpg,1
240.jpg,2
242.jpg,1
243.jpg,2
244.jpg,2
245.jpg,1
246.jpg,1
248.jpg,1
252.jpg,2
254.jpg,2
257.jpg,1
260.jpg,1
262.jpg,1
263.jpg,2
264.jpg,2
266.jpg,1
268.jpg,2
271.jpg,2
278.jpg,1
279.jpg,2
280.jpg,2
283.jpg,2
284.jpg,2
291.jpg,1
292.jpg,2
296.jpg,2
297.jpg,2
298.jpg,1
301.jpg,2
305.jpg,1
309.jpg,2
311.jpg,1
312.jpg,2
314.jpg,2
318.jpg,2
320.jpg,2
321.jpg,1
329.jpg,2
330.jpg,2
331.jpg,1
333.jpg,2
335.jpg,1
339.jpg,2
340.jpg,1
342.jpg,2
343.jpg,1
345.jpg,2
346.jpg,2
347.jpg,2
354.jpg,1
355.jpg,1
356.jpg,2
358.jpg,2
359.jpg,1
362.jpg,2
366.jpg,2
369.jpg,2
370.jpg,1
371.jpg,2
373.jpg,2
374.jpg,2
377.jpg,2
378.jpg,2
380.jpg,2
381.jpg,2
382.jpg,2
383.jpg,2
390.jpg,2
394.jpg,2
395.jpg,2
398.jpg,1
401.jpg,2
411.jpg,1
414.jpg,2
415.jpg,1
416.jpg,2
419.jpg,2
420.jpg,1
421.jpg,2
423.jpg,2
424.jpg,2
426.jpg,2
427.jpg,2
428.jpg,1
430.jpg,1
431.jpg,2
434.jpg,2
435.jpg,2
440.jpg,1
442.jpg,1
443.jpg,2
444.jpg,2
446.jpg,1
448.jpg,2
449.jpg,2
450.jpg,2
451.jpg,2
454.jpg,2
456.jpg,2
458.jpg,2
459.jpg,2
463.jpg,2
464.jpg,2
467.jpg,2
471.jpg,2
475.jpg,2
476.jpg,2
477.jpg,2
478.jpg,2
481.jpg,2
482.jpg,1
483.jpg,1
485.jpg,2
486.jpg,2
488.jpg,2
489.jpg,1
492.jpg,2
497.jpg,2
501.jpg,2
503.jpg,2
504.jpg,2
506.jpg,2
508.jpg,2
509.jpg,2
511.jpg,1
512.jpg,2
514.jpg,2
515.jpg,2
516.jpg,1
518.jpg,1
520.jpg,2
522.jpg,2
523.jpg,1
526.jpg,2
529.jpg,2
540.jpg,1
541.jpg,2
542.jpg,2
543.jpg,2
546.jpg,2
547.jpg,2
553.jpg,1
554.jpg,2
555.jpg,1
558.jpg,1
560.jpg,2
563.jpg,2
564.jpg,2
566.jpg,1
568.jpg,2
570.jpg,2
573.jpg,2
574.jpg,2
575.jpg,2
577.jpg,2
578.jpg,1
580.jpg,1
586.jpg,1
588.jpg,1
589.jpg,1
591.jpg,2
598.jpg,2
602.jpg,2
603.jpg,2
607.jpg,2
608.jpg,1
618.jpg,1
619.jpg,1
621.jpg,1
623.jpg,1
624.jpg,2
636.jpg,2
637.jpg,2
638.jpg,2
641.jpg,1
643.jpg,2
644.jpg,2
646.jpg,2
647.jpg,1
650.jpg,2
654.jpg,2
655.jpg,1
658.jpg,1
659.jpg,2
660.jpg,2
661.jpg,2
663.jpg,2
665.jpg,2
666.jpg,2
668.jpg,2
669.jpg,2
671.jpg,2
675.jpg,2
677.jpg,2
679.jpg,2
680.jpg,1
681.jpg,1
682.jpg,2
686.jpg,1
688.jpg,2
689.jpg,2
691.jpg,2
694.jpg,2
697.jpg,1
699.jpg,1
700.jpg,1
705.jpg,2
706.jpg,1
707.jpg,1
711.jpg,1
713.jpg,2
714.jpg,2
715.jpg,2
719.jpg,1
720.jpg,1
722.jpg,1
726.jpg,2
731.jpg,2
733.jpg,1
734.jpg,2
738.jpg,1
740.jpg,1
743.jpg,2
745.jpg,2
746.jpg,2
757.jpg,1
758.jpg,1
759.jpg,1
763.jpg,2
765.jpg,1
768.jpg,1
770.jpg,1
771.jpg,2
775.jpg,2
778.jpg,1
779.jpg,2
780.jpg,2
781.jpg,2
782.jpg,2
787.jpg,2
789.jpg,2
792.jpg,2
796.jpg,2
797.jpg,2
799.jpg,2
804.jpg,2
807.jpg,1
810.jpg,2
812.jpg,2
813.jpg,2
814.jpg,2
816.jpg,2
817.jpg,2
818.jpg,2
819.jpg,2
821.jpg,1
822.jpg,2
824.jpg,2
825.jpg,2
826.jpg,2
828.jpg,2
831.jpg,2
839.jpg,2
840.jpg,2
842.jpg,1
843.jpg,2
845.jpg,2
847.jpg,2
850.jpg,2
852.jpg,2
860.jpg,2
874.jpg,2
875.jpg,2
877.jpg,2
878.jpg,2
880.jpg,2
886.jpg,2
894.jpg,2
897.jpg,2
899.jpg,2
902.jpg,2
906.jpg,2
908.jpg,2
909.jpg,1
912.jpg,2
913.jpg,2
914.jpg,2
915.jpg,1
919.jpg,1
920.jpg,2
921.jpg,1
922.jpg,2
923.jpg,2
924.jpg,2
926.jpg,2
927.jpg,1
929.jpg,1
931.jpg,2
932.jpg,2
933.jpg,2
939.jpg,2
941.jpg,1
942.jpg,2
943.jpg,1
949.jpg,2
950.jpg,2
951.jpg,1
952.jpg,2
955.jpg,2
956.jpg,2
959.jpg,2
969.jpg,1
972.jpg,2
973.jpg,2
974.jpg,2
976.jpg,2
980.jpg,2
981.jpg,2
985.jpg,1
986.jpg,2
987.jpg,2
990.jpg,2
994.jpg,2
1000.jpg,2
1002.jpg,1
1003.jpg,2
1004.jpg,2
1005.jpg,2
1006.jpg,2
1007.jpg,2
1009.jpg,2
1014.jpg,1
1015.jpg,1
1020.jpg,2
1022.jpg,2
1023.jpg,1
1026.jpg,1
1029.jpg,1
1030.jpg,2
1031.jpg,2
1032.jpg,2
1033.jpg,1
1042.jpg,1
1044.jpg,2
1045.jpg,2
1048.jpg,2
1050.jpg,1
1052.jpg,2
1055.jpg,2
1057.jpg,1
1058.jpg,2
1060.jpg,2
1062.jpg,2
1064.jpg,1
1065.jpg,2
1066.jpg,2
1068.jpg,1
1073.jpg,2
1075.jpg,2
1076.jpg,2
1081.jpg,2
1083.jpg,1
1087.jpg,2
1089.jpg,2
1090.jpg,2
1093.jpg,2
1094.jpg,1
1096.jpg,2
1100.jpg,2
1101.jpg,2
1102.jpg,2
1104.jpg,1
1105.jpg,2
1106.jpg,2
1108.jpg,1
1109.jpg,2
1110.jpg,2
1111.jpg,1
1117.jpg,2
1118.jpg,1
1120.jpg,2
1121.jpg,2
1122.jpg,2
1126.jpg,1
1127.jpg,1
1128.jpg,2
1130.jpg,2
1131.jpg,2
1135.jpg,2
1137.jpg,2
1138.jpg,2
1143.jpg,2
1145.jpg,2
1146.jpg,2
1147.jpg,1
1148.jpg,2
1150.jpg,1
1152.jpg,1
1154.jpg,2
1157.jpg,2
1164.jpg,2
1167.jpg,2
1169.jpg,1
1171.jpg,1
1172.jpg,2
1173.jpg,1
1175.jpg,2
1178.jpg,2
1181.jpg,1
1182.jpg,2
1183.jpg,1
1185.jpg,2
1188.jpg,2
1189.jpg,1
1191.jpg,2
1193.jpg,1
1196.jpg,2
1198.jpg,1
1202.jpg,2
1203.jpg,1
1206.jpg,2
1207.jpg,2
1209.jpg,1
1210.jpg,2
1213.jpg,1
1216.jpg,1
1219.jpg,1
1221.jpg,1
1222.jpg,2
1230.jpg,2
1232.jpg,1
1234.jpg,2
1235.jpg,1
1236.jpg,2
1239.jpg,2
1241.jpg,2
1242.jpg,2
1247.jpg,1
1251.jpg,1
1252.jpg,2
1254.jpg,1
1256.jpg,2
1257.jpg,1
1258.jpg,2
1261.jpg,1
1271.jpg,1
1272.jpg,2
1273.jpg,2
1275.jpg,2
1280.jpg,1
1281.jpg,2
1282.jpg,2
1284.jpg,2
1285.jpg,1
1289.jpg,2
1291.jpg,2
1292.jpg,2
1294.jpg,1
1296.jpg,2
1297.jpg,2
1298.jpg,2
1299.jpg,1
1303.jpg,1
1304.jpg,1
1309.jpg,2
1310.jpg,2
1315.jpg,2
1319.jpg,2
1325.jpg,2
1326.jpg,2
1327.jpg,2
1331.jpg,2
1332.jpg,2
1335.jpg,2
1340.jpg,2
1341.jpg,2
1343.jpg,1
1347.jpg,2
1352.jpg,2
1354.jpg,2
1358.jpg,1
1359.jpg,2
1360.jpg,2
1363.jpg,2
1365.jpg,2
1367.jpg,2
1369.jpg,1
1371.jpg,2
1380.jpg,1
1381.jpg,2
1384.jpg,2
1386.jpg,2
1389.jpg,2
1390.jpg,2
1396.jpg,2
1397.jpg,1
1398.jpg,2
1399.jpg,2
1404.jpg,2
1405.jpg,2
1407.jpg,2
1414.jpg,2
1415.jpg,1
1416.jpg,2
1417.jpg,1
1421.jpg,1
1423.jpg,1
1424.jpg,1
1425.jpg,2
1427.jpg,2
1433.jpg,2
1435.jpg,1
1436.jpg,1
1439.jpg,2
1444.jpg,2
1446.jpg,1
1447.jpg,2
1449.jpg,2
1451.jpg,2
1453.jpg,1
1454.jpg,2
1456.jpg,1
1457.jpg,2
1458.jpg,2
1460.jpg,2
1462.jpg,1
1465.jpg,2
1471.jpg,2
1472.jpg,2
1473.jpg,1
1474.jpg,2
1478.jpg,1
1479.jpg,2
1481.jpg,2
1483.jpg,2
1488.jpg,2
1493.jpg,1
1495.jpg,1
1496.jpg,2
1497.jpg,1
1498.jpg,1
1502.jpg,1
1505.jpg,1
1507.jpg,2
1509.jpg,2
1512.jpg,2
1513.jpg,2
1514.jpg,2
1515.jpg,1
1516.jpg,2
1517.jpg,1
1518.jpg,2
1521.jpg,2
1522.jpg,2
1525.jpg,2
1526.jpg,1
1529.jpg,1
1530.jpg,1
1531.jpg,1
1535.jpg,2
1536.jpg,2
1541.jpg,2
1542.jpg,2
1544.jpg,2
1545.jpg,2
1546.jpg,2
1553.jpg,2
1554.jpg,2
1556.jpg,2
1557.jpg,2
1558.jpg,1
1559.jpg,2
1560.jpg,2
1566.jpg,1
1568.jpg,2
1571.jpg,2
1572.jpg,2
1579.jpg,2
1580.jpg,2
1583.jpg,2
1585.jpg,1
1586.jpg,2
1590.jpg,2
1591.jpg,2
1593.jpg,2
1594.jpg,2
1595.jpg,2
1596.jpg,2
1599.jpg,2
1600.jpg,1
1602.jpg,2
1603.jpg,2
1607.jpg,1
1608.jpg,2
1609.jpg,1
1614.jpg,2
1616.jpg,2
1617.jpg,2
1618.jpg,2
1619.jpg,1
1620.jpg,2
1622.jpg,2
1623.jpg,2
1624.jpg,1
1625.jpg,2
1626.jpg,2
1628.jpg,1
1629.jpg,2
1634.jpg,1
1635.jpg,2
1638.jpg,2
1641.jpg,1
1642.jpg,1
1643.jpg,2
1648.jpg,2
1649.jpg,2
1655.jpg,1
1657.jpg,2
1659.jpg,1
1660.jpg,1
1664.jpg,2
1669.jpg,2
1672.jpg,2
1674.jpg,2
1675.jpg,1
1678.jpg,2
1679.jpg,1
1680.jpg,1
1685.jpg,2
1686.jpg,2
1689.jpg,1
1693.jpg,2
1703.jpg,2
1705.jpg,2
1706.jpg,2
1707.jpg,2
1712.jpg,2
1714.jpg,1
1716.jpg,2
1718.jpg,2
1721.jpg,2
1722.jpg,1
1723.jpg,2
1724.jpg,2
1725.jpg,1
1729.jpg,2
1731.jpg,2
1733.jpg,1
1734.jpg,2
1735.jpg,2
1736.jpg,2
1738.jpg,2
1742.jpg,1
1743.jpg,2
1746.jpg,2
1749.jpg,1
1750.jpg,2
1751.jpg,2
1758.jpg,2
1759.jpg,2
1760.jpg,2
1762.jpg,2
1765.jpg,2
1766.jpg,2
1767.jpg,2
1768.jpg,2
1769.jpg,2
1772.jpg,1
1773.jpg,1
1774.jpg,1
1775.jpg,2
1777.jpg,2
1778.jpg,2
1779.jpg,1
1782.jpg,2
1783.jpg,2
1785.jpg,1
1788.jpg,2
1789.jpg,1
1790.jpg,2
1793.jpg,2
1795.jpg,1
1797.jpg,2
1799.jpg,1
1800.jpg,2
1801.jpg,2
1808.jpg,1
1809.jpg,2
1810.jpg,2
1817.jpg,1
1818.jpg,2
1819.jpg,2
1826.jpg,2
1827.jpg,1
1828.jpg,2
1834.jpg,2
1835.jpg,2
1836.jpg,2
1842.jpg,2
1845.jpg,2
1846.jpg,1
1848.jpg,1
1850.jpg,2
1852.jpg,2
1853.jpg,2
1855.jpg,1
1857.jpg,1
1860.jpg,2
1863.jpg,2
1866.jpg,2
1870.jpg,2
1872.jpg,2
1874.jpg,2
1876.jpg,2
1878.jpg,2
1879.jpg,1
1881.jpg,2
1882.jpg,1
1883.jpg,2
1890.jpg,2
1891.jpg,2
1892.jpg,2
1894.jpg,2
1897.jpg,2
1898.jpg,2
1900.jpg,2
1902.jpg,2
1905.jpg,2
1906.jpg,1
1908.jpg,2
1913.jpg,2
1915.jpg,1
1918.jpg,2
1920.jpg,2
1921.jpg,2
1924.jpg,2
1928.jpg,1
1933.jpg,2
1934.jpg,1
1937.jpg,2
1941.jpg,2
1943.jpg,2
1946.jpg,2
1950.jpg,2
1951.jpg,2
1956.jpg,2
1957.jpg,2
1959.jpg,2
1960.jpg,1
1961.jpg,2
1962.jpg,2
1963.jpg,2
1967.jpg,2
1969.jpg,1
1973.jpg,2
1976.jpg,2
1980.jpg,2
1983.jpg,1
1987.jpg,2
1988.jpg,2
1990.jpg,1
1992.jpg,1
1993.jpg,1
1995.jpg,1
1998.jpg,1
1999.jpg,2
2000.jpg,2
2003.jpg,2
2004.jpg,2
2005.jpg,2
2006.jpg,1
2009.jpg,2
2014.jpg,2
2017.jpg,2
2018.jpg,2
2019.jpg,1
2021.jpg,2
2022.jpg,2
2024.jpg,2
2025.jpg,1
2026.jpg,1
2027.jpg,2
2028.jpg,1
2033.jpg,2
2034.jpg,1
2036.jpg,1
2040.jpg,2
2041.jpg,1
2046.jpg,2
2047.jpg,2
2051.jpg,2
2052.jpg,1
2054.jpg,2
2056.jpg,2
2057.jpg,1
2058.jpg,2
2059.jpg,2
2061.jpg,1
2062.jpg,2
2063.jpg,2
2064.jpg,2
2081.jpg,2
2082.jpg,2
2083.jpg,2
2086.jpg,1
2090.jpg,2
2091.jpg,2
2092.jpg,2
2095.jpg,2
2097.jpg,1
2102.jpg,2
2104.jpg,2
2105.jpg,2
2110.jpg,1
2111.jpg,2
2112.jpg,1
2113.jpg,2
2114.jpg,2
2116.jpg,1
2118.jpg,2
2120.jpg,2
2121.jpg,2
2123.jpg,2
2128.jpg,1
2129.jpg,1
2130.jpg,2
2132.jpg,2
2133.jpg,2
2134.jpg,2
2135.jpg,1
2136.jpg,2
2138.jpg,2
2139.jpg,2
2140.jpg,2
2142.jpg,2
2146.jpg,1
2149.jpg,1
2150.jpg,1
2151.jpg,2
2152.jpg,2
2156.jpg,2
2164.jpg,1
2166.jpg,2
2168.jpg,2
2171.jpg,2
2173.jpg,2
2178.jpg,2
2181.jpg,2
2183.jpg,2
2189.jpg,1
2190.jpg,2
2191.jpg,2
2193.jpg,2
2194.jpg,2
2199.jpg,2
2201.jpg,2
2209.jpg,1
2212.jpg,2
2213.jpg,1
2217.jpg,1
2219.jpg,2
2221.jpg,1
2223.jpg,1
2225.jpg,2
2227.jpg,2
2228.jpg,2
2230.jpg,1
2232.jpg,2
2233.jpg,1
2234.jpg,2
2237.jpg,2
2238.jpg,1
2241.jpg,2
2244.jpg,1
2248.jpg,1
2249.jpg,2
2254.jpg,2
2255.jpg,2
2256.jpg,2
2259.jpg,2
2261.jpg,2
2264.jpg,2
2267.jpg,2
2273.jpg,1
2278.jpg,2
2280.jpg,2
2281.jpg,2
2282.jpg,2
2283.jpg,2
2286.jpg,2
2289.jpg,2
2291.jpg,1
2293.jpg,2
2296.jpg,2
2297.jpg,2
2298.jpg,2
2299.jpg,2
2301.jpg,1
2303.jpg,2
2306.jpg,2
2307.jpg,1
2309.jpg,2
2311.jpg,1
2312.jpg,2
2313.jpg,1
2314.jpg,2
2319.jpg,2
2320.jpg,1
2321.jpg,2
2323.jpg,2
2326.jpg,2
2327.jpg,2
2328.jpg,1
2329.jpg,2
2331.jpg,2
2333.jpg,2
2334.jpg,2
2336.jpg,2
2342.jpg,2
2344.jpg,1
2346.jpg,1
2347.jpg,2
2348.jpg,2
2350.jpg,2
2353.jpg,1
2354.jpg,2
2355.jpg,1
2356.jpg,1
2357.jpg,2
2359.jpg,1
2361.jpg,2
2364.jpg,2
2366.jpg,1
2367.jpg,1
2370.jpg,2
2374.jpg,2
2378.jpg,2
2380.jpg,2
2382.jpg,2
2384.jpg,2
2385.jpg,2
2387.jpg,2
2389.jpg,2
2391.jpg,2
2393.jpg,1
2394.jpg,2
2395.jpg,2
2396.jpg,2
2397.jpg,1
2399.jpg,2
2401.jpg,2
2404.jpg,2
2407.jpg,2
2408.jpg,1
2409.jpg,2
2411.jpg,2
2415.jpg,2
2418.jpg,1
2419.jpg,2
2420.jpg,2
2421.jpg,1
2422.jpg,2
2426.jpg,2
2427.jpg,2
2433.jpg,2
2434.jpg,2
2435.jpg,1
2436.jpg,2
2444.jpg,1
2445.jpg,1
2447.jpg,1
2453.jpg,1
2455.jpg,1
2456.jpg,2
2457.jpg,2
2458.jpg,1
2460.jpg,2
2462.jpg,1
2463.jpg,2
2464.jpg,2
2467.jpg,1
2471.jpg,2
2472.jpg,1
2474.jpg,2
2477.jpg,2
2478.jpg,1
2479.jpg,1
2480.jpg,1
2482.jpg,2
2486.jpg,2
2487.jpg,1
2488.jpg,1
2493.jpg,1
2495.jpg,1
2496.jpg,2
2499.jpg,2
2500.jpg,1
2501.jpg,2
2502.jpg,2
2511.jpg,2
2513.jpg,2
2514.jpg,1
2515.jpg,2
2519.jpg,2
2520.jpg,2
2522.jpg,2
2523.jpg,1
2524.jpg,2
2526.jpg,2
2527.jpg,1
2531.jpg,2
2532.jpg,2
2533.jpg,1
2536.jpg,1
2537.jpg,1
2538.jpg,2
2542.jpg,1
2545.jpg,1
2548.jpg,2
2552.jpg,2
2553.jpg,2
2555.jpg,1
2556.jpg,2
2557.jpg,2
2561.jpg,2
2562.jpg,1
2565.jpg,1
2567.jpg,2
2570.jpg,2
2572.jpg,2
2574.jpg,2
2577.jpg,2
2579.jpg,2
2581.jpg,2
2582.jpg,2
2583.jpg,2
2584.jpg,2
2585.jpg,2
2587.jpg,2
2588.jpg,1
2590.jpg,2
2597.jpg,2
2598.jpg,2
2602.jpg,2
2603.jpg,1
2605.jpg,1
2606.jpg,2
2608.jpg,2
2611.jpg,1
2615.jpg,2
2616.jpg,1
2618.jpg,1
2624.jpg,1
2626.jpg,2
2627.jpg,2
2628.jpg,2
2629.jpg,1
2630.jpg,2
2631.jpg,2
2633.jpg,1
2634.jpg,2
2636.jpg,1
2637.jpg,2
2644.jpg,2
2645.jpg,2
2649.jpg,1
2650.jpg,1
2651.jpg,2
2653.jpg,2
2654.jpg,1
2655.jpg,2
2656.jpg,2
2658.jpg,2
2660.jpg,1
2663.jpg,2
2664.jpg,2
2665.jpg,2
2667.jpg,2
2671.jpg,2
2674.jpg,2
2678.jpg,2
2679.jpg,2
2682.jpg,1
2683.jpg,2
2685.jpg,2
2688.jpg,2
2689.jpg,2
2691.jpg,2
2692.jpg,2
2693.jpg,1
2696.jpg,2
2699.jpg,1
2701.jpg,1
2702.jpg,1
2703.jpg,2
2705.jpg,2
2706.jpg,2
2710.jpg,2
2712.jpg,2
2715.jpg,2
2716.jpg,1
2717.jpg,1
2718.jpg,2
2721.jpg,2
2723.jpg,2
2724.jpg,1
2725.jpg,2
2726.jpg,2
2728.jpg,2
2731.jpg,2
2732.jpg,2
2734.jpg,2
2735.jpg,2
2740.jpg,2
2741.jpg,2
2742.jpg,2
2743.jpg,2
2745.jpg,2
2746.jpg,2
2748.jpg,2
2750.jpg,2
2751.jpg,1
2762.jpg,2
2763.jpg,1
2770.jpg,1
2775.jpg,1
2776.jpg,1
2780.jpg,2
2781.jpg,2
2783.jpg,2
2787.jpg,2
2789.jpg,2
2791.jpg,2
2795.jpg,2
2796.jpg,1
2797.jpg,2
2799.jpg,1
2801.jpg,1
2803.jpg,1
2805.jpg,1
2812.jpg,1
2816.jpg,1
2817.jpg,1
2821.jpg,2
2823.jpg,2
2825.jpg,1
2827.jpg,2
2828.jpg,2
2832.jpg,2
2834.jpg,1
2836.jpg,2
2837.jpg,2
2839.jpg,2
2840.jpg,2
2846.jpg,2
2848.jpg,1
2852.jpg,1
2853.jpg,1
2854.jpg,2
2856.jpg,2
2857.jpg,1
2859.jpg,2
2861.jpg,1
2863.jpg,1
2865.jpg,2
2867.jpg,2
2869.jpg,2
2870.jpg,2
2872.jpg,2
2873.jpg,2
2875.jpg,1
2880.jpg,2
2881.jpg,2
2882.jpg,2
2883.jpg,2
2887.jpg,2
2890.jpg,1
2891.jpg,2
2893.jpg,1
2897.jpg,1
2902.jpg,2
2904.jpg,2
2908.jpg,2
2913.jpg,2
2914.jpg,1
2916.jpg,2
2919.jpg,2
2926.jpg,1
2927.jpg,1
2928.jpg,1
2930.jpg,2
2932.jpg,2
2937.jpg,2
2938.jpg,2
2939.jpg,2
2940.jpg,1
2942.jpg,2
2944.jpg,1
2947.jpg,2
2949.jpg,1
2952.jpg,2
2953.jpg,2
2954.jpg,1
2956.jpg,2
2958.jpg,1
2961.jpg,2
2962.jpg,2
2965.jpg,2
2967.jpg,1
2968.jpg,1
2970.jpg,2
2972.jpg,2
2976.jpg,1
2980.jpg,2
2982.jpg,2
2983.jpg,2
2987.jpg,2
2988.jpg,2
2990.jpg,2
2991.jpg,2
2996.jpg,2
2997.jpg,2
2999.jpg,2
3002.jpg,1
3003.jpg,2
3008.jpg,1
3013.jpg,2
3014.jpg,2
3015.jpg,2
3016.jpg,2
3018.jpg,1
3019.jpg,1
3022.jpg,1
3023.jpg,1
3025.jpg,2
3030.jpg,2
3033.jpg,2
3035.jpg,1
3039.jpg,2
3040.jpg,2
3042.jpg,2
3043.jpg,1
3046.jpg,1
3047.jpg,2
3049.jpg,2
3053.jpg,1
3056.jpg,2
3057.jpg,1
3059.jpg,2
3060.jpg,2
3062.jpg,2
3063.jpg,2
3064.jpg,2
3066.jpg,2
3067.jpg,2
3068.jpg,2
3070.jpg,2
3073.jpg,2
3074.jpg,2
3075.jpg,2
3076.jpg,1
3080.jpg,2
3084.jpg,2
3086.jpg,1
3087.jpg,2
3090.jpg,1
3093.jpg,2
3094.jpg,2
3101.jpg,2
3105.jpg,2
3106.jpg,2
3108.jpg,2
3114.jpg,2
3118.jpg,2
3119.jpg,1
3120.jpg,2
3121.jpg,1
3122.jpg,1
3123.jpg,2
3126.jpg,2
3127.jpg,1
3128.jpg,2
3132.jpg,1
3133.jpg,1
3136.jpg,2
3138.jpg,2
3140.jpg,2
3141.jpg,2
3142.jpg,2
3143.jpg,2
3144.jpg,2
3146.jpg,2
3148.jpg,2
3149.jpg,2
3151.jpg,2
3154.jpg,1
3155.jpg,1
3156.jpg,2
3158.jpg,2
3159.jpg,2
3160.jpg,2
3161.jpg,2
3170.jpg,2
3173.jpg,1
3175.jpg,1
3180.jpg,2
3183.jpg,2
3185.jpg,1
3187.jpg,1
3188.jpg,1
3189.jpg,2
3191.jpg,2
3192.jpg,2
3193.jpg,1
3195.jpg,2
3196.jpg,2
3202.jpg,2
3203.jpg,1
3204.jpg,2
3207.jpg,2
3211.jpg,2
3213.jpg,1
3214.jpg,2
3217.jpg,2
3219.jpg,2
3221.jpg,1
3222.jpg,2
3223.jpg,2
3225.jpg,2
3226.jpg,2
3227.jpg,1
3228.jpg,2
3233.jpg,2
3238.jpg,2
3240.jpg,1
3242.jpg,1
3243.jpg,2
3249.jpg,2
3251.jpg,2
3255.jpg,2
3256.jpg,2
3257.jpg,2
3259.jpg,2
3260.jpg,2
3262.jpg,1
3267.jpg,2
3269.jpg,2
3271.jpg,2
3273.jpg,1
3278.jpg,1
3280.jpg,1
3282.jpg,2
3284.jpg,1
3285.jpg,2
3287.jpg,2
3289.jpg,1
3291.jpg,2
3297.jpg,2
3298.jpg,1
3299.jpg,2
3300.jpg,2
3303.jpg,1
3305.jpg,2
3308.jpg,2
3309.jpg,2
3310.jpg,2
3312.jpg,2
3314.jpg,2
3317.jpg,1
3318.jpg,2
3320.jpg,2
3323.jpg,2
3324.jpg,1
3327.jpg,2
3333.jpg,1
3337.jpg,2
3339.jpg,1
3341.jpg,1
3342.jpg,2
3343.jpg,2
3347.jpg,1
3348.jpg,1
3349.jpg,1
3350.jpg,1
3354.jpg,2
3355.jpg,1
3358.jpg,2
3361.jpg,2
3363.jpg,2
3374.jpg,1
3375.jpg,1
3376.jpg,2
3378.jpg,2
3386.jpg,1
3388.jpg,2
3390.jpg,1
3392.jpg,2
3395.jpg,1
3396.jpg,2
3397.jpg,2
3399.jpg,1
3401.jpg,2
3402.jpg,2
3403.jpg,1
3404.jpg,2
3410.jpg,2
3413.jpg,1
3416.jpg,2
3420.jpg,2
3423.jpg,2
3427.jpg,1
3428.jpg,1
3429.jpg,2
3430.jpg,2
3433.jpg,1
3438.jpg,2
3439.jpg,1
3441.jpg,1
3442.jpg,1
3444.jpg,2
3446.jpg,2
3451.jpg,1
3454.jpg,2
3455.jpg,2
3456.jpg,1
3459.jpg,2
3461.jpg,2
3462.jpg,1
3464.jpg,2
3465.jpg,1
3469.jpg,2
3470.jpg,1
3479.jpg,1
3482.jpg,2
3486.jpg,2
3488.jpg,2
3489.jpg,2
3491.jpg,1
3495.jpg,1
3496.jpg,2
3497.jpg,2
3498.jpg,2
3499.jpg,2
3501.jpg,1
3503.jpg,2
3509.jpg,2
3510.jpg,1
3512.jpg,2
3513.jpg,2
3514.jpg,2
3516.jpg,1
3519.jpg,1
3521.jpg,1
3527.jpg,1
3530.jpg,1
3532.jpg,2
3533.jpg,2
3536.jpg,1
3537.jpg,2
3538.jpg,2
3539.jpg,2
3540.jpg,2
3541.jpg,2
3546.jpg,2
3550.jpg,2
3551.jpg,2
3552.jpg,2
3558.jpg,2
3561.jpg,2
3565.jpg,1
3567.jpg,2
3573.jpg,1
3574.jpg,2
3576.jpg,1
3577.jpg,1
3580.jpg,2
3581.jpg,2
3586.jpg,2
3587.jpg,1
3591.jpg,2
3593.jpg,2
3594.jpg,2
3597.jpg,1
3604.jpg,1
3605.jpg,1
3608.jpg,2
3610.jpg,1
3611.jpg,1
3613.jpg,2
3614.jpg,2
3616.jpg,1
3617.jpg,2
3619.jpg,1
3620.jpg,2
3623.jpg,2
3625.jpg,2
3627.jpg,2
3630.jpg,2
3631.jpg,1
3632.jpg,2
3638.jpg,2
3639.jpg,2
3640.jpg,1
3642.jpg,1
3645.jpg,2
3648.jpg,2
3649.jpg,2
3651.jpg,2
3652.jpg,2
3653.jpg,2
3654.jpg,2
3656.jpg,2
3658.jpg,2
3659.jpg,2
3665.jpg,2
3669.jpg,2
3672.jpg,2
3674.jpg,1
3675.jpg,2
3677.jpg,2
3682.jpg,2
3684.jpg,2
3687.jpg,2
3688.jpg,1
3695.jpg,2
3698.jpg,2
3700.jpg,2
3703.jpg,2
3704.jpg,2
3706.jpg,1
3707.jpg,2
3716.jpg,2
3719.jpg,2
3730.jpg,1
3731.jpg,2
3732.jpg,2
3734.jpg,2
3737.jpg,2
3738.jpg,2
3739.jpg,1
3740.jpg,2
3741.jpg,2
3746.jpg,2
3750.jpg,2
3751.jpg,1
3753.jpg,2
3754.jpg,1
3759.jpg,2
3760.jpg,2
3764.jpg,2
3765.jpg,2
3767.jpg,1
3769.jpg,2
3770.jpg,1
3771.jpg,1
3774.jpg,1
3775.jpg,1
3776.jpg,2
3777.jpg,2
3778.jpg,1
3781.jpg,2
3782.jpg,1
3783.jpg,2
3784.jpg,2
3785.jpg,2
3788.jpg,2
3789.jpg,1
3790.jpg,2
3792.jpg,1
3793.jpg,2
3796.jpg,2
3799.jpg,2
3806.jpg,2
3808.jpg,2
3809.jpg,1
3811.jpg,2
3812.jpg,2
3814.jpg,2
3816.jpg,1
3817.jpg,2
3818.jpg,1
3819.jpg,2
3821.jpg,2
3822.jpg,2
3824.jpg,2
3825.jpg,2
3826.jpg,1
3829.jpg,2
3836.jpg,2
3837.jpg,2
3841.jpg,2
3844.jpg,2
3847.jpg,2
3851.jpg,2
3855.jpg,2
3859.jpg,1
3862.jpg,1
3863.jpg,2
3864.jpg,2
3866.jpg,1
3867.jpg,2
3868.jpg,2
3870.jpg,2
3873.jpg,2
3875.jpg,2
3877.jpg,2
3879.jpg,1
3880.jpg,1
3883.jpg,2
3887.jpg,2
3889.jpg,1
3891.jpg,2
3892.jpg,2
3894.jpg,2
3898.jpg,2
3899.jpg,2
3901.jpg,2
3903.jpg,2
3904.jpg,2
3906.jpg,1
3908.jpg,1
3910.jpg,2
3914.jpg,1
3915.jpg,2
3916.jpg,2
3917.jpg,1
3918.jpg,2
3919.jpg,2
3923.jpg,2
3925.jpg,2
3927.jpg,2
3928.jpg,2
3933.jpg,2
3934.jpg,2
3936.jpg,1
3937.jpg,2
3940.jpg,2
3945.jpg,2
3948.jpg,2
3950.jpg,1
3951.jpg,2
3956.jpg,1
3960.jpg,1
3961.jpg,1
3962.jpg,2
3963.jpg,1
3966.jpg,2
3974.jpg,1
3975.jpg,2
3978.jpg,1
3979.jpg,2
3980.jpg,1
3981.jpg,2
3989.jpg,2
3990.jpg,1
3991.jpg,1
3993.jpg,2
3994.jpg,2
3995.jpg,1
3997.jpg,2
3999.jpg,1
4000.jpg,2
4005.jpg,2
4006.jpg,1
4007.jpg,1
4009.jpg,2
4010.jpg,2
4012.jpg,2
4013.jpg,2
4015.jpg,2
4018.jpg,2
4020.jpg,2
4021.jpg,2
4022.jpg,2
4028.jpg,1
4032.jpg,1
4033.jpg,2
4034.jpg,1
4035.jpg,2
4036.jpg,1
4037.jpg,1
4038.jpg,2
4042.jpg,1
4043.jpg,2
4044.jpg,2
4046.jpg,1
4048.jpg,1
4054.jpg,2
4059.jpg,2
4060.jpg,2
4061.jpg,1
4062.jpg,2
4065.jpg,1
4067.jpg,1
4069.jpg,1
4070.jpg,1
4071.jpg,2
4074.jpg,1
4079.jpg,1
4080.jpg,1
4081.jpg,2
4085.jpg,2
4086.jpg,2
4092.jpg,2
4095.jpg,2
4102.jpg,2
4103.jpg,2
4104.jpg,2
4106.jpg,2
4107.jpg,2
4113.jpg,2
4115.jpg,2
4116.jpg,2
4117.jpg,1
4123.jpg,2
4124.jpg,2
4127.jpg,1
4128.jpg,2
4129.jpg,2
4130.jpg,2
4132.jpg,2
4134.jpg,2
4137.jpg,1
4138.jpg,2
4139.jpg,2
4141.jpg,1
4145.jpg,2
4147.jpg,2
4153.jpg,1
4157.jpg,2
4159.jpg,2
4164.jpg,2
4166.jpg,1
4168.jpg,2
4169.jpg,2
4170.jpg,2
4172.jpg,2
4174.jpg,2
4175.jpg,1
4176.jpg,1
4177.jpg,2
4180.jpg,2
4186.jpg,1
4187.jpg,1
4190.jpg,2
4192.jpg,1
4196.jpg,1
4197.jpg,2
4199.jpg,2
4200.jpg,1
4202.jpg,1
4204.jpg,2
4206.jpg,1
4207.jpg,2
4208.jpg,1
4210.jpg,2
4211.jpg,2
4212.jpg,2
4214.jpg,2
4215.jpg,1
4219.jpg,1
4220.jpg,1
4221.jpg,1
4222.jpg,2
4223.jpg,1
4228.jpg,2
4230.jpg,2
4231.jpg,2
4234.jpg,1
4235.jpg,2
4239.jpg,2
4241.jpg,2
4242.jpg,2
4248.jpg,2
4250.jpg,2
4252.jpg,2
4254.jpg,1
4256.jpg,1
4258.jpg,2
4259.jpg,1
4261.jpg,2
4262.jpg,2
4267.jpg,2
4268.jpg,1
4270.jpg,1
4271.jpg,2
4275.jpg,2
4277.jpg,2
4279.jpg,2
4280.jpg,2
4282.jpg,1
4285.jpg,2
4289.jpg,2
4290.jpg,2
4291.jpg,2
4292.jpg,2
4294.jpg,1
4296.jpg,2
4297.jpg,1
4299.jpg,1
4303.jpg,1
4304.jpg,1
4309.jpg,1
4310.jpg,2
4311.jpg,1
4312.jpg,2
4313.jpg,2
4314.jpg,2
4316.jpg,2
4320.jpg,2
4326.jpg,2
4327.jpg,2
4331.jpg,2
4334.jpg,1
4335.jpg,2
4337.jpg,1
4339.jpg,2
4341.jpg,2
4344.jpg,1
4345.jpg,2
4346.jpg,2
4348.jpg,2
4349.jpg,1
4350.jpg,2
4354.jpg,1
4355.jpg,2
4357.jpg,1
4360.jpg,2
4361.jpg,2
4362.jpg,1
4364.jpg,2
4365.jpg,2
4367.jpg,2
4368.jpg,2
4370.jpg,2
4371.jpg,2
4378.jpg,2
4381.jpg,2
4383.jpg,1
4385.jpg,2
4386.jpg,2
4388.jpg,2
4389.jpg,1
4390.jpg,2
4394.jpg,2
4396.jpg,2
4398.jpg,1
4399.jpg,2
4400.jpg,1
4403.jpg,2
4405.jpg,2
4407.jpg,2
4408.jpg,1
4409.jpg,2
4410.jpg,2
4414.jpg,2
4418.jpg,2
4420.jpg,2
4426.jpg,2
4427.jpg,2
4433.jpg,1
4435.jpg,1
4437.jpg,1
4438.jpg,2
4439.jpg,2
4441.jpg,1
4445.jpg,1
4446.jpg,2
4450.jpg,1
4451.jpg,2
4453.jpg,2
4454.jpg,2
4458.jpg,2
4459.jpg,1
4460.jpg,2
4461.jpg,2
4462.jpg,2
4463.jpg,2
4467.jpg,2
4469.jpg,2
4470.jpg,1
4472.jpg,1
4473.jpg,2
4476.jpg,2
4477.jpg,1
4478.jpg,2
4483.jpg,2
4485.jpg,2
4486.jpg,2
4488.jpg,2
4493.jpg,1
4494.jpg,2
4495.jpg,2
4498.jpg,2
4499.jpg,1
4502.jpg,1
4505.jpg,2
4510.jpg,2
4511.jpg,1
4517.jpg,2
4518.jpg,2
4519.jpg,2
4520.jpg,2
4521.jpg,2
4522.jpg,2
4527.jpg,2
4529.jpg,2
4530.jpg,2
4532.jpg,2
4535.jpg,1
4538.jpg,2
4539.jpg,2
4542.jpg,1
4546.jpg,1
4547.jpg,2
4551.jpg,2
4553.jpg,2
4559.jpg,2
4565.jpg,2
4566.jpg,2
4570.jpg,2
4572.jpg,2
4573.jpg,2
4578.jpg,2
4582.jpg,2
4583.jpg,2
4585.jpg,2
4586.jpg,1
4588.jpg,2
4593.jpg,2
4595.jpg,2
4600.jpg,2
4602.jpg,2
4604.jpg,1
4605.jpg,1
4606.jpg,1
4607.jpg,2
4608.jpg,2
4611.jpg,2
4612.jpg,1
4615.jpg,2
4616.jpg,1
4618.jpg,2
4619.jpg,2
4621.jpg,2
4625.jpg,2
4627.jpg,2
4628.jpg,2
4632.jpg,1
4633.jpg,2
4636.jpg,2
4637.jpg,2
4639.jpg,2
4641.jpg,1
4642.jpg,1
4643.jpg,2
4644.jpg,2
4647.jpg,2
4648.jpg,2
4649.jpg,1
4651.jpg,2
4652.jpg,2
4654.jpg,2
4660.jpg,2
4661.jpg,2
4662.jpg,2
4663.jpg,2
4665.jpg,2
4669.jpg,2
4670.jpg,1
4672.jpg,1
4673.jpg,2
4679.jpg,2
4684.jpg,1
4685.jpg,2
4687.jpg,2
4690.jpg,2
4693.jpg,2
4696.jpg,2
4699.jpg,2
4700.jpg,2
4701.jpg,2
4703.jpg,1
4704.jpg,2
4705.jpg,2
4706.jpg,1
4711.jpg,2
4712.jpg,2
4713.jpg,1
4720.jpg,1
4721.jpg,2
4724.jpg,2
4725.jpg,2
4734.jpg,2
4735.jpg,1
4736.jpg,1
4737.jpg,2
4738.jpg,1
4742.jpg,2
4743.jpg,2
4744.jpg,2
4745.jpg,2
4746.jpg,2
4747.jpg,2
4748.jpg,1
4752.jpg,2
4753.jpg,2
4755.jpg,1
4756.jpg,2
4757.jpg,2
4758.jpg,1
4760.jpg,2
4761.jpg,1
4767.jpg,2
4768.jpg,2
4769.jpg,2
4770.jpg,2
4771.jpg,2
4772.jpg,2
4777.jpg,2
4778.jpg,1
4779.jpg,1
4784.jpg,2
4785.jpg,1
4787.jpg,2
4788.jpg,1
4789.jpg,2
4790.jpg,2
4792.jpg,1
4793.jpg,2
4795.jpg,1
4798.jpg,2
4801.jpg,2
4802.jpg,2
4803.jpg,2
4804.jpg,2
4805.jpg,2
4806.jpg,2
4808.jpg,2
4811.jpg,2
4812.jpg,2
4816.jpg,2
4817.jpg,1
4818.jpg,2
4820.jpg,1
4821.jpg,2
4826.jpg,1
4827.jpg,2
4828.jpg,2
4832.jpg,1
4836.jpg,1
4839.jpg,1
4840.jpg,2
4841.jpg,2
4845.jpg,2
4847.jpg,1
4848.jpg,2
4849.jpg,2
4853.jpg,1
4854.jpg,2
4855.jpg,2
4857.jpg,2
4859.jpg,2
4860.jpg,2
4862.jpg,1
4868.jpg,2
4872.jpg,1
4873.jpg,1
4875.jpg,2
4881.jpg,2
4883.jpg,2
4886.jpg,2
4888.jpg,2
4889.jpg,2
4892.jpg,2
4893.jpg,2
4894.jpg,2
4896.jpg,2
4898.jpg,2
4904.jpg,2
4911.jpg,1
4913.jpg,2
4915.jpg,2
4917.jpg,2
4922.jpg,1
4924.jpg,1
4925.jpg,2
4926.jpg,2
4927.jpg,1
4928.jpg,1
4930.jpg,1
4932.jpg,2
4936.jpg,2
4938.jpg,2
4944.jpg,2
4945.jpg,2
4953.jpg,1
4954.jpg,2
4955.jpg,2
4959.jpg,2
4960.jpg,2
4961.jpg,2
4965.jpg,2
4966.jpg,2
4967.jpg,2
4972.jpg,2
4974.jpg,1
4975.jpg,2
4977.jpg,2
4978.jpg,1
4980.jpg,1
4982.jpg,2
4985.jpg,2
4986.jpg,2
4995.jpg,1
4996.jpg,1
4997.jpg,2
5000.jpg,2
5001.jpg,2
5002.jpg,2
5003.jpg,2
5005.jpg,2
5009.jpg,1
5013.jpg,2
5014.jpg,2
5017.jpg,2
5018.jpg,1
5019.jpg,2
5023.jpg,1
5025.jpg,2
5026.jpg,1
5027.jpg,2
5028.jpg,2
5031.jpg,2
5032.jpg,2
5035.jpg,1
5036.jpg,2
5037.jpg,2
5039.jpg,1
5040.jpg,1
5042.jpg,2
5043.jpg,2
5045.jpg,1
5049.jpg,2
5054.jpg,2
5055.jpg,2
5056.jpg,2
5057.jpg,1
5058.jpg,1
5065.jpg,2
5068.jpg,2
5072.jpg,2
5073.jpg,2
5074.jpg,1
5075.jpg,2
5077.jpg,1
5079.jpg,2
5080.jpg,1
5081.jpg,2
5083.jpg,2
5085.jpg,1
5088.jpg,2
5091.jpg,2
5092.jpg,2
5094.jpg,2
5095.jpg,2
5097.jpg,2
5098.jpg,2
5103.jpg,1
5104.jpg,2
5107.jpg,2
5111.jpg,2
5113.jpg,2
5115.jpg,2
5122.jpg,1
5126.jpg,1
5128.jpg,2
5132.jpg,2
5133.jpg,1
5138.jpg,1
5139.jpg,2
5140.jpg,2
5143.jpg,2
5151.jpg,1
5152.jpg,2
5154.jpg,1
5155.jpg,2
5159.jpg,1
5160.jpg,2
5168.jpg,2
5169.jpg,2
5170.jpg,1
5175.jpg,2
5177.jpg,2
5179.jpg,2
5181.jpg,2
5182.jpg,2
5184.jpg,2
5187.jpg,2
5189.jpg,1
5190.jpg,2
5193.jpg,2
5194.jpg,2
5195.jpg,2
5198.jpg,2
5201.jpg,2
5202.jpg,1
5204.jpg,2
5206.jpg,2
5207.jpg,2
5208.jpg,1
5211.jpg,2
5213.jpg,2
5214.jpg,2
5215.jpg,1
5216.jpg,2
5218.jpg,1
5219.jpg,2
5220.jpg,2
5221.jpg,2
5222.jpg,2
5225.jpg,1
5226.jpg,1
5227.jpg,1
5228.jpg,1
5234.jpg,2
5235.jpg,2
5236.jpg,2
5240.jpg,2
5246.jpg,2
5247.jpg,2
5248.jpg,1
5249.jpg,2
5251.jpg,2
5253.jpg,2
5254.jpg,2
5256.jpg,1
5258.jpg,2
5262.jpg,2
5263.jpg,2
5264.jpg,2
5266.jpg,2
5267.jpg,2
5268.jpg,2
5269.jpg,2
5271.jpg,1
5274.jpg,2
5277.jpg,2
5281.jpg,1
5283.jpg,2
5286.jpg,2
5287.jpg,1
5288.jpg,2
5290.jpg,2
5293.jpg,2
5294.jpg,2
5295.jpg,1
5298.jpg,2
5301.jpg,2
5305.jpg,2
5306.jpg,2
5307.jpg,2
5308.jpg,2
5310.jpg,1
5315.jpg,2
5317.jpg,1
5323.jpg,2
5325.jpg,1
5326.jpg,2
5327.jpg,2
5333.jpg,2
5335.jpg,1
5336.jpg,2
5338.jpg,2
5340.jpg,1
5343.jpg,2
5348.jpg,2
5352.jpg,2
5353.jpg,2
5357.jpg,2
5358.jpg,2
5359.jpg,2
5360.jpg,1
5362.jpg,1
5367.jpg,2
5368.jpg,1
5371.jpg,2
5375.jpg,2
5379.jpg,2
5381.jpg,1
5383.jpg,2
5385.jpg,2
5391.jpg,1
5392.jpg,2
5393.jpg,2
5395.jpg,1
5396.jpg,2
5399.jpg,2
5400.jpg,2
5401.jpg,1
5404.jpg,2
5407.jpg,2
5408.jpg,2
5413.jpg,2
5414.jpg,1
5417.jpg,2
5422.jpg,2
5424.jpg,2
5425.jpg,1
5427.jpg,2
5429.jpg,2
5431.jpg,2
5432.jpg,2
5433.jpg,2
5434.jpg,2
5435.jpg,2
5442.jpg,1
5446.jpg,1
5448.jpg,2
5451.jpg,1
5455.jpg,2
5457.jpg,2
5458.jpg,2
5460.jpg,2
5461.jpg,2
5464.jpg,1
5468.jpg,2
5469.jpg,2
5470.jpg,2
5472.jpg,2
5474.jpg,2
5475.jpg,1
5476.jpg,2
5477.jpg,1
5478.jpg,2
5480.jpg,2
5482.jpg,2
5486.jpg,2
5490.jpg,2
5492.jpg,2
5493.jpg,2
5495.jpg,2
5498.jpg,1
5501.jpg,1
5509.jpg,1
5510.jpg,1
5512.jpg,2
5513.jpg,2
5515.jpg,1
5518.jpg,2
5519.jpg,2
5520.jpg,1
5524.jpg,1
5525.jpg,2
5528.jpg,2
5529.jpg,2
5530.jpg,1
5532.jpg,1
5533.jpg,2
5539.jpg,2
5540.jpg,2
5541.jpg,2
5542.jpg,2
5544.jpg,2
5549.jpg,2
5550.jpg,1
5551.jpg,2
5552.jpg,1
5555.jpg,2
5560.jpg,1
5563.jpg,1
5568.jpg,1
5569.jpg,2
5571.jpg,2
5572.jpg,2
5575.jpg,2
5578.jpg,2
5579.jpg,2
5582.jpg,2
5583.jpg,2
5588.jpg,2
5590.jpg,2
5597.jpg,2
5600.jpg,1
5601.jpg,1
5603.jpg,2
5609.jpg,1
5611.jpg,2
5612.jpg,2
5615.jpg,1
5618.jpg,2
5620.jpg,2
5621.jpg,1
5622.jpg,2
5625.jpg,2
5629.jpg,2
5635.jpg,2
5640.jpg,1
5641.jpg,2
5645.jpg,2
5646.jpg,1
5647.jpg,1
5649.jpg,2
5650.jpg,2
5653.jpg,2
5655.jpg,1
5657.jpg,1
5658.jpg,2
5659.jpg,2
5660.jpg,2
5661.jpg,1
5668.jpg,2
5671.jpg,1
5673.jpg,1
5675.jpg,2
5676.jpg,2
5678.jpg,1
5679.jpg,2
5683.jpg,2
5685.jpg,2
5688.jpg,2
5691.jpg,2
5697.jpg,2
5698.jpg,2
5699.jpg,2
5702.jpg,2
5704.jpg,2
5709.jpg,2
5710.jpg,2
5712.jpg,2
5716.jpg,2
5717.jpg,2
5719.jpg,1
5720.jpg,1
5721.jpg,2
5723.jpg,2
5724.jpg,2
5725.jpg,2
5728.jpg,2
5731.jpg,2
5732.jpg,2
5736.jpg,1
5741.jpg,2
5743.jpg,2
5744.jpg,2
5750.jpg,2
5751.jpg,1
5753.jpg,1
5755.jpg,2
5759.jpg,2
5760.jpg,1
5762.jpg,1
5764.jpg,2
5767.jpg,1
5774.jpg,2
5775.jpg,2
5777.jpg,1
5779.jpg,2
5781.jpg,2
5782.jpg,2
5784.jpg,2
5787.jpg,1
5792.jpg,2
5793.jpg,2
5794.jpg,2
5801.jpg,2
5804.jpg,2
5808.jpg,2
5813.jpg,2
5814.jpg,2
5815.jpg,2
5818.jpg,2
5820.jpg,2
5822.jpg,2
5825.jpg,1
5829.jpg,2
5830.jpg,2
5831.jpg,2
5832.jpg,2
5835.jpg,1
5837.jpg,2
5838.jpg,2
5839.jpg,1
5840.jpg,1
5841.jpg,2
5842.jpg,2
5844.jpg,2
5847.jpg,1
5848.jpg,1
5850.jpg,2
5852.jpg,1
5854.jpg,1
5858.jpg,2
5866.jpg,1
5867.jpg,1
5870.jpg,1
5874.jpg,2
5877.jpg,2
5878.jpg,1
5879.jpg,1
5885.jpg,2
5888.jpg,2
5889.jpg,2
5890.jpg,2
5891.jpg,2
5892.jpg,1
5893.jpg,2
5895.jpg,2
5897.jpg,2
5900.jpg,1
5905.jpg,2
5907.jpg,2
5908.jpg,2
5911.jpg,2
5912.jpg,2
5914.jpg,2
5915.jpg,2
5918.jpg,1
5926.jpg,1
5928.jpg,1
5929.jpg,1
5931.jpg,1
5933.jpg,2
5934.jpg,2
5936.jpg,2
5937.jpg,2
5940.jpg,2
5941.jpg,2
5947.jpg,1
5948.jpg,2
5953.jpg,2
5956.jpg,2
5958.jpg,2
5964.jpg,2
5965.jpg,2
5966.jpg,2
5967.jpg,2
5968.jpg,1
5971.jpg,2
5975.jpg,2
5978.jpg,2
5980.jpg,2
5983.jpg,2
5984.jpg,1
5985.jpg,2
5994.jpg,2
5997.jpg,1
5998.jpg,2
5999.jpg,1
6001.jpg,2
6002.jpg,1
6003.jpg,2
6004.jpg,2
6008.jpg,2
6009.jpg,2
6010.jpg,1
6011.jpg,2
6012.jpg,2
6015.jpg,2
6016.jpg,2
6021.jpg,1
6024.jpg,2
6025.jpg,2
6029.jpg,2
6034.jpg,1
6039.jpg,2
6040.jpg,2
6041.jpg,2
6043.jpg,2
6044.jpg,1
6047.jpg,2
6048.jpg,1
6052.jpg,1
6053.jpg,2
6054.jpg,2
6056.jpg,2
6058.jpg,2
6059.jpg,2
6061.jpg,2
6064.jpg,2
6066.jpg,2
6067.jpg,1
6070.jpg,2
6073.jpg,2
6074.jpg,2
6075.jpg,2
6082.jpg,1
6084.jpg,2
6085.jpg,2
6086.jpg,2
6087.jpg,1
6094.jpg,2
6097.jpg,2
6100.jpg,2
6101.jpg,1
6103.jpg,1
6104.jpg,1
6105.jpg,2
6106.jpg,2
6109.jpg,2
6110.jpg,2
6111.jpg,1
6113.jpg,1
6114.jpg,2
6115.jpg,2
6116.jpg,2
6117.jpg,2
6122.jpg,2
6125.jpg,2
6126.jpg,2
6128.jpg,2
6129.jpg,2
6130.jpg,2
6131.jpg,1
6132.jpg,2
6133.jpg,2
6136.jpg,2
6139.jpg,2
6141.jpg,2
6146.jpg,2
6147.jpg,2
6152.jpg,1
6154.jpg,2
6156.jpg,2
6161.jpg,2
6162.jpg,1
6163.jpg,2
6164.jpg,1
6171.jpg,2
6177.jpg,1
6181.jpg,2
6184.jpg,2
6188.jpg,2
6190.jpg,2
6194.jpg,2
6199.jpg,1
6200.jpg,2
6201.jpg,2
6202.jpg,2
6203.jpg,1
6209.jpg,1
6211.jpg,2
6213.jpg,2
6218.jpg,2
6219.jpg,1
6220.jpg,1
6221.jpg,2
6223.jpg,2
6224.jpg,2
6227.jpg,2
6228.jpg,1
6230.jpg,2
6231.jpg,2
6232.jpg,2
6233.jpg,1
6235.jpg,2
6236.jpg,2
6237.jpg,2
6239.jpg,2
6241.jpg,2
6242.jpg,2
6243.jpg,1
6244.jpg,2
6245.jpg,2
6246.jpg,2
6252.jpg,2
6253.jpg,2
6255.jpg,2
6256.jpg,1
6257.jpg,1
6258.jpg,2
6266.jpg,2
6268.jpg,1
6272.jpg,2
6273.jpg,2
6279.jpg,2
6280.jpg,2
6281.jpg,1
6282.jpg,2
6283.jpg,2
6288.jpg,2
6291.jpg,2
6295.jpg,2
6296.jpg,2
6297.jpg,2
6299.jpg,2
6300.jpg,1
6302.jpg,1
6305.jpg,2
6307.jpg,2
6311.jpg,2
6314.jpg,1
6318.jpg,2
6319.jpg,2
6320.jpg,2
6321.jpg,2
6322.jpg,2
6324.jpg,2
6327.jpg,2
6328.jpg,1
6330.jpg,2
6334.jpg,1
6339.jpg,2
6340.jpg,1
6341.jpg,1
6344.jpg,2
6352.jpg,1
6353.jpg,1
6354.jpg,2
6356.jpg,1
6358.jpg,2
6359.jpg,2
6360.jpg,2
6361.jpg,1
6362.jpg,2
6364.jpg,2
6365.jpg,2
6366.jpg,2
6367.jpg,2
6370.jpg,1
6371.jpg,2
6373.jpg,2
6378.jpg,1
6379.jpg,2
6380.jpg,2
6382.jpg,2
6384.jpg,2
6385.jpg,2
6393.jpg,2
6396.jpg,2
6406.jpg,1
6407.jpg,1
6408.jpg,2
6409.jpg,2
6412.jpg,2
6414.jpg,2
6416.jpg,2
6417.jpg,2
6418.jpg,2
6423.jpg,2
6425.jpg,2
6427.jpg,2
6428.jpg,1
6429.jpg,2
6430.jpg,2
6433.jpg,2
6435.jpg,2
6436.jpg,2
6437.jpg,2
6438.jpg,2
6441.jpg,2
6442.jpg,2
6444.jpg,1
6447.jpg,2
6449.jpg,2
6453.jpg,2
6456.jpg,2
6459.jpg,1
6465.jpg,2
6466.jpg,2
6467.jpg,1
6470.jpg,1
6472.jpg,2
6477.jpg,1
6478.jpg,1
6479.jpg,1
6480.jpg,2
6481.jpg,2
6484.jpg,2
6489.jpg,2
6491.jpg,2
6495.jpg,2
6497.jpg,1
6498.jpg,2
6503.jpg,2
6504.jpg,2
6505.jpg,1
6507.jpg,2
6508.jpg,2
6509.jpg,2
6511.jpg,2
6512.jpg,2
6514.jpg,2
6518.jpg,2
6519.jpg,2
6520.jpg,1
6524.jpg,2
6525.jpg,2
6526.jpg,1
6534.jpg,2
6537.jpg,2
6538.jpg,2
6539.jpg,2
6541.jpg,2
6542.jpg,2
6543.jpg,1
6544.jpg,1
6545.jpg,2
6546.jpg,1
6549.jpg,1
6552.jpg,2
6554.jpg,2
6559.jpg,1
6560.jpg,2
6563.jpg,2
6564.jpg,2
6565.jpg,1
6566.jpg,2
6568.jpg,2
6569.jpg,2
6570.jpg,2
6571.jpg,2
6572.jpg,2
6573.jpg,2
6575.jpg,2
6579.jpg,1
6581.jpg,1
6585.jpg,2
6586.jpg,2
6587.jpg,2
6592.jpg,1
6593.jpg,2
6594.jpg,2
6599.jpg,2
6602.jpg,2
6605.jpg,1
6606.jpg,2
6609.jpg,2
6612.jpg,2
6614.jpg,1
6615.jpg,2
6619.jpg,2
6620.jpg,1
6621.jpg,2
6622.jpg,2
6623.jpg,1
6624.jpg,2
6630.jpg,2
6634.jpg,2
6635.jpg,2
6637.jpg,2
6639.jpg,2
6640.jpg,2
6642.jpg,1
6643.jpg,2
6646.jpg,2
6648.jpg,2
6651.jpg,2
6652.jpg,2
6653.jpg,2
6655.jpg,2
6657.jpg,2
6658.jpg,1
6660.jpg,2
6661.jpg,1
6663.jpg,1
6664.jpg,2
6666.jpg,2
6668.jpg,1
6671.jpg,2
6674.jpg,2
6676.jpg,2
6678.jpg,2
6679.jpg,2
6681.jpg,2
6683.jpg,2
6684.jpg,2
6686.jpg,2
6687.jpg,2
6692.jpg,2
6699.jpg,2
6700.jpg,2
6701.jpg,2
6702.jpg,2
6704.jpg,1
6706.jpg,2
6707.jpg,2
6713.jpg,1
6718.jpg,1
6720.jpg,2
6721.jpg,2
6722.jpg,1
6724.jpg,2
6726.jpg,2
6727.jpg,1
6729.jpg,2
6732.jpg,2
6733.jpg,2
6738.jpg,1
6739.jpg,1
6740.jpg,1
6742.jpg,2
6743.jpg,2
6744.jpg,2
6747.jpg,2
6748.jpg,2
6754.jpg,2
6756.jpg,2
6758.jpg,2
6759.jpg,2
6760.jpg,2
6761.jpg,2
6762.jpg,2
6765.jpg,2
6766.jpg,2
6769.jpg,2
6770.jpg,2
6772.jpg,2
6775.jpg,2
6777.jpg,1
6779.jpg,2
6780.jpg,2
6781.jpg,2
6782.jpg,2
6789.jpg,2
6790.jpg,2
6796.jpg,2
6797.jpg,2
6800.jpg,2
6803.jpg,2
6804.jpg,2
6805.jpg,2
6810.jpg,2
6812.jpg,2
6814.jpg,1
6818.jpg,1
6819.jpg,2
6820.jpg,1
6824.jpg,2
6828.jpg,1
6829.jpg,2
6830.jpg,1
6832.jpg,1
6842.jpg,2
6844.jpg,1
6850.jpg,2
6851.jpg,2
6853.jpg,2
6854.jpg,2
6856.jpg,1
6858.jpg,1
6862.jpg,2
6864.jpg,2
6866.jpg,2
6867.jpg,2
6869.jpg,2
6873.jpg,2
6874.jpg,2
6875.jpg,1
6878.jpg,2
6879.jpg,2
6880.jpg,1
6881.jpg,2
6882.jpg,2
6883.jpg,2
6885.jpg,1
6890.jpg,2
6891.jpg,2
6892.jpg,2
6893.jpg,2
6894.jpg,2
6895.jpg,1
6898.jpg,2
6899.jpg,1
6902.jpg,2
6910.jpg,1
6912.jpg,2
6914.jpg,1
6915.jpg,2
6920.jpg,2
6921.jpg,1
6923.jpg,1
6924.jpg,1
6925.jpg,1
6926.jpg,2
6930.jpg,2
6932.jpg,2
6933.jpg,2
6935.jpg,2
6936.jpg,1
6940.jpg,2
6944.jpg,2
6945.jpg,2
6946.jpg,1
6948.jpg,1
6949.jpg,2
6951.jpg,2
6952.jpg,2
6953.jpg,2
6960.jpg,1
6962.jpg,2
6963.jpg,2
6968.jpg,2
6970.jpg,2
6971.jpg,2
6972.jpg,2
6973.jpg,2
6975.jpg,2
6978.jpg,1
6980.jpg,2
6981.jpg,2
6983.jpg,1
6984.jpg,2
6987.jpg,2
6989.jpg,2
6990.jpg,1
6994.jpg,1
6996.jpg,2
6997.jpg,2
6999.jpg,1
7002.jpg,2
7003.jpg,1
7004.jpg,1
7005.jpg,2
7007.jpg,2
7009.jpg,2
7010.jpg,2
7012.jpg,2
7013.jpg,1
7015.jpg,2
7017.jpg,2
7018.jpg,2
7021.jpg,2
7026.jpg,2
7028.jpg,1
7030.jpg,2
7031.jpg,2
7032.jpg,2
7033.jpg,2
7036.jpg,2
7038.jpg,2
7039.jpg,2
7044.jpg,2
7045.jpg,2
7047.jpg,1
7048.jpg,2
7050.jpg,2
7052.jpg,2
7053.jpg,1
7054.jpg,2
7057.jpg,2
7060.jpg,2
7062.jpg,1
7064.jpg,2
7068.jpg,2
7069.jpg,2
7070.jpg,1
7072.jpg,2
7075.jpg,2
7078.jpg,2
7081.jpg,2
7082.jpg,1
7084.jpg,2
7088.jpg,2
7089.jpg,2
7092.jpg,2
7094.jpg,1
7096.jpg,2
7098.jpg,2
7101.jpg,2
7103.jpg,2
7108.jpg,2
7110.jpg,2
7115.jpg,1
7116.jpg,2
7125.jpg,2
7126.jpg,2
7127.jpg,2
7130.jpg,2
7138.jpg,2
7139.jpg,2
7140.jpg,2
7142.jpg,2
7151.jpg,2
7152.jpg,2
7154.jpg,2
7155.jpg,1
7157.jpg,2
7158.jpg,2
7162.jpg,2
7164.jpg,2
7166.jpg,2
7167.jpg,1
7170.jpg,2
7173.jpg,1
7174.jpg,2
7176.jpg,1
7177.jpg,1
7178.jpg,1
7185.jpg,2
7186.jpg,2
7193.jpg,1
7198.jpg,2
7199.jpg,2
7200.jpg,2
7202.jpg,1
7206.jpg,2
7208.jpg,2
7210.jpg,2
7211.jpg,2
7214.jpg,1
7215.jpg,1
7217.jpg,2
7218.jpg,2
7219.jpg,2
7221.jpg,2
7222.jpg,2
7223.jpg,2
7226.jpg,2
7227.jpg,2
7228.jpg,1
7229.jpg,1
7233.jpg,2
7234.jpg,1
7238.jpg,2
7239.jpg,1
7240.jpg,2
7246.jpg,1
7248.jpg,1
7249.jpg,1
7255.jpg,1
7256.jpg,1
7260.jpg,2
7264.jpg,2
7265.jpg,2
7267.jpg,1
7268.jpg,2
7271.jpg,2
7272.jpg,1
7273.jpg,2
7276.jpg,2
7282.jpg,2
7283.jpg,1
7285.jpg,1
7286.jpg,2
7287.jpg,1
7289.jpg,2
7292.jpg,2
7294.jpg,2
7303.jpg,2
7304.jpg,2
7307.jpg,2
7310.jpg,1
7314.jpg,1
7315.jpg,2
7316.jpg,1
7318.jpg,1
7320.jpg,2
7322.jpg,1
7327.jpg,2
7329.jpg,2
7330.jpg,2
7335.jpg,1
7337.jpg,2
7339.jpg,2
7340.jpg,2
7341.jpg,2
7342.jpg,2
7346.jpg,2
7350.jpg,1
7352.jpg,2
7353.jpg,2
7355.jpg,2
7357.jpg,1
7359.jpg,2
7360.jpg,1
7361.jpg,1
7364.jpg,1
7369.jpg,1
7370.jpg,2
7371.jpg,1
7372.jpg,2
7375.jpg,2
7380.jpg,1
7381.jpg,2
7382.jpg,2
7388.jpg,2
7389.jpg,2
7394.jpg,2
7396.jpg,1
7397.jpg,2
7398.jpg,2
7400.jpg,2
7404.jpg,1
7405.jpg,2
7406.jpg,1
7408.jpg,2
7410.jpg,2
7412.jpg,1
7413.jpg,1
7414.jpg,1
7416.jpg,2
7417.jpg,2
7421.jpg,2
7422.jpg,2
7423.jpg,1
7424.jpg,1
7426.jpg,2
7430.jpg,1
7433.jpg,1
7434.jpg,1
7436.jpg,2
7440.jpg,2
7441.jpg,1
7444.jpg,2
7446.jpg,2
7449.jpg,2
7452.jpg,2
7454.jpg,1
7457.jpg,2
7458.jpg,1
7460.jpg,2
7461.jpg,2
7462.jpg,1
7469.jpg,2
7472.jpg,2
7473.jpg,2
7482.jpg,1
7484.jpg,2
7488.jpg,1
7494.jpg,1
7496.jpg,2
7499.jpg,2
7501.jpg,2
7502.jpg,2
7505.jpg,1
7506.jpg,1
7512.jpg,2
7513.jpg,2
7516.jpg,2
7517.jpg,2
7519.jpg,1
7521.jpg,2
7522.jpg,1
7524.jpg,2
7526.jpg,1
7529.jpg,1
7531.jpg,2
7535.jpg,1
7539.jpg,2
7540.jpg,2
7541.jpg,2
7542.jpg,2
7543.jpg,2
7545.jpg,2
7548.jpg,2
7549.jpg,1
7550.jpg,1
7551.jpg,2
7555.jpg,2
7556.jpg,2
7557.jpg,2
7560.jpg,1
7563.jpg,1
7565.jpg,2
7566.jpg,2
7568.jpg,2
7570.jpg,2
7571.jpg,2
7572.jpg,2
7573.jpg,1
7575.jpg,2
7576.jpg,2
7582.jpg,1
7583.jpg,2
7586.jpg,2
7588.jpg,2
7590.jpg,2
7595.jpg,2
7597.jpg,1
7602.jpg,1
7603.jpg,1
7604.jpg,1
7608.jpg,1
7610.jpg,2
7611.jpg,2
7613.jpg,2
7614.jpg,2
7616.jpg,1
7617.jpg,2
7621.jpg,2
7622.jpg,2
7624.jpg,2
7626.jpg,1
7627.jpg,1
7631.jpg,2
7632.jpg,1
7634.jpg,2
7635.jpg,1
7636.jpg,1
7639.jpg,2
7640.jpg,2
7644.jpg,1
7645.jpg,1
7652.jpg,2
7656.jpg,2
7657.jpg,1
7661.jpg,2
7663.jpg,2
7666.jpg,2
7667.jpg,1
7671.jpg,2
7674.jpg,2
7678.jpg,2
7681.jpg,1
7682.jpg,2
7685.jpg,2
7688.jpg,2
7689.jpg,1
7690.jpg,1
7691.jpg,2
7694.jpg,1
7696.jpg,2
7697.jpg,1
7698.jpg,1
7700.jpg,1
7702.jpg,2
7703.jpg,1
7706.jpg,2
7707.jpg,2
7711.jpg,2
7712.jpg,2
7717.jpg,2
7719.jpg,2
7725.jpg,2
7726.jpg,1
7729.jpg,1
7730.jpg,1
7731.jpg,2
7733.jpg,2
7734.jpg,2
7738.jpg,2
7739.jpg,2
7741.jpg,2
7742.jpg,2
7751.jpg,2
7758.jpg,2
7760.jpg,2
7761.jpg,2
7762.jpg,2
7765.jpg,2
7767.jpg,1
7768.jpg,2
7769.jpg,1
7770.jpg,1
7771.jpg,2
7772.jpg,2
7773.jpg,1
7774.jpg,1
7776.jpg,1
7777.jpg,2
7778.jpg,2
7780.jpg,2
7781.jpg,2
7784.jpg,1
7785.jpg,1
7789.jpg,2
7790.jpg,2
7791.jpg,2
7793.jpg,2
7796.jpg,2
7797.jpg,2
7799.jpg,2
7801.jpg,2
7802.jpg,2
7810.jpg,2
7812.jpg,2
7813.jpg,2
7814.jpg,2
7815.jpg,2
7819.jpg,2
7822.jpg,1
7824.jpg,1
7825.jpg,2
7827.jpg,2
7829.jpg,2
7830.jpg,1
7832.jpg,2
7834.jpg,1
7837.jpg,2
7838.jpg,2
7839.jpg,2
7840.jpg,2
7844.jpg,2
7846.jpg,2
7849.jpg,2
7852.jpg,1
7855.jpg,1
7857.jpg,2
7858.jpg,2
7860.jpg,2
7864.jpg,1
7865.jpg,2
7868.jpg,2
7870.jpg,2
7874.jpg,2
7877.jpg,1
7878.jpg,2
7879.jpg,2
7882.jpg,2
7884.jpg,2
7885.jpg,2
7886.jpg,2
7888.jpg,2
7889.jpg,2
7890.jpg,2
7891.jpg,2
7893.jpg,1
7894.jpg,2
7895.jpg,1
7896.jpg,1
7899.jpg,1
7903.jpg,2
7906.jpg,1
7909.jpg,2
7912.jpg,2
7913.jpg,2
7914.jpg,2
7919.jpg,2
7921.jpg,1
7922.jpg,2
7928.jpg,2
7929.jpg,1
7931.jpg,2
7934.jpg,1
7935.jpg,2
7936.jpg,2
7943.jpg,1
7944.jpg,2
7945.jpg,2
7947.jpg,2
7950.jpg,2
7953.jpg,2
7954.jpg,2
7957.jpg,2
7960.jpg,1
7961.jpg,2
7964.jpg,2
7968.jpg,2
7971.jpg,1
7973.jpg,1
7978.jpg,2
7980.jpg,1
7982.jpg,2
7984.jpg,2
7985.jpg,2
7987.jpg,2
7991.jpg,2
7993.jpg,2
7995.jpg,1
7996.jpg,2
7998.jpg,1
8000.jpg,2
8002.jpg,2
8003.jpg,2
8014.jpg,2
8015.jpg,2
8016.jpg,2
8017.jpg,2
8018.jpg,1
8019.jpg,2
8021.jpg,2
8023.jpg,2
8028.jpg,1
8029.jpg,2
8033.jpg,2
8038.jpg,2
8039.jpg,2
8040.jpg,2
8044.jpg,1
8050.jpg,2
8057.jpg,2
8060.jpg,2
8063.jpg,2
8064.jpg,2
8067.jpg,2
8069.jpg,1
8073.jpg,2
8074.jpg,1
8077.jpg,2
8079.jpg,2
8081.jpg,2
8084.jpg,2
8085.jpg,1
8086.jpg,2
8087.jpg,1
8088.jpg,1
8091.jpg,2
8093.jpg,2
8094.jpg,2
8095.jpg,1
8098.jpg,2
8100.jpg,2
8101.jpg,2
8105.jpg,2
8108.jpg,2
8113.jpg,2
8116.jpg,2
8117.jpg,1
8122.jpg,1
8124.jpg,2
8127.jpg,1
8132.jpg,2
8133.jpg,2
8134.jpg,1
8135.jpg,1
8136.jpg,2
8137.jpg,2
8138.jpg,2
8140.jpg,1
8143.jpg,2
8144.jpg,2
8145.jpg,2
8146.jpg,2
8156.jpg,2
8157.jpg,2
8160.jpg,2
8161.jpg,1
8164.jpg,2
8165.jpg,1
8166.jpg,2
8169.jpg,1
8171.jpg,2
8172.jpg,2
8174.jpg,1
8175.jpg,2
8177.jpg,2
8178.jpg,2
8179.jpg,2
8180.jpg,2
8185.jpg,2
8186.jpg,2
8191.jpg,1
8192.jpg,1
8196.jpg,2
8198.jpg,1
8200.jpg,2
8201.jpg,2
8202.jpg,2
8203.jpg,2
8204.jpg,2
8205.jpg,2
8206.jpg,2
8207.jpg,2
8208.jpg,1
8210.jpg,2
8211.jpg,2
8215.jpg,2
8216.jpg,2
8219.jpg,1
8220.jpg,2
8221.jpg,1
8223.jpg,2
8224.jpg,2
8225.jpg,2
8226.jpg,2
8227.jpg,1
8228.jpg,2
8231.jpg,1
8235.jpg,2
8238.jpg,2
8239.jpg,2
8240.jpg,2
8242.jpg,1
8243.jpg,2
8245.jpg,2
8249.jpg,1
8252.jpg,1
8255.jpg,2
8257.jpg,1
8258.jpg,1
8259.jpg,2
8266.jpg,2
8268.jpg,2
8269.jpg,1
8273.jpg,2
8275.jpg,2
8276.jpg,2
8279.jpg,1
8280.jpg,2
8282.jpg,2
8284.jpg,2
8289.jpg,2
8291.jpg,2
8292.jpg,2
8295.jpg,2
8296.jpg,1
8299.jpg,1
8307.jpg,2
8308.jpg,2
8311.jpg,1
8317.jpg,2
8321.jpg,1
8322.jpg,1
8324.jpg,2
8325.jpg,2
8326.jpg,2
8327.jpg,2
8329.jpg,2
8331.jpg,2
8335.jpg,2
8339.jpg,2
8340.jpg,1
8344.jpg,1
8345.jpg,2
8346.jpg,1
8350.jpg,2
8355.jpg,2
8356.jpg,2
8358.jpg,2
8361.jpg,2
8362.jpg,1
8365.jpg,2
8366.jpg,2
8368.jpg,2
8369.jpg,2
8373.jpg,1
8376.jpg,1
8377.jpg,2
8381.jpg,1
8386.jpg,2
8388.jpg,1
8390.jpg,2
8391.jpg,1
8396.jpg,2
8397.jpg,2
8398.jpg,2
8399.jpg,1
8402.jpg,2
8403.jpg,2
8406.jpg,2
8408.jpg,2
8409.jpg,1
8412.jpg,1
8413.jpg,2
8417.jpg,1
8418.jpg,2
8420.jpg,2
8421.jpg,2
8423.jpg,2
8424.jpg,2
8429.jpg,2
8430.jpg,1
8431.jpg,2
8434.jpg,1
8437.jpg,1
8439.jpg,2
8441.jpg,2
8443.jpg,2
8445.jpg,2
8446.jpg,1
8447.jpg,2
8449.jpg,2
8450.jpg,1
8451.jpg,1
8454.jpg,2
8458.jpg,1
8460.jpg,2
8461.jpg,1
8463.jpg,2
8464.jpg,2
8466.jpg,2
8467.jpg,2
8469.jpg,1
8471.jpg,2
8472.jpg,2
8475.jpg,2
8478.jpg,2
8479.jpg,2
8481.jpg,2
8483.jpg,1
8488.jpg,2
8490.jpg,2
8491.jpg,2
8492.jpg,1
8493.jpg,1
8494.jpg,2
8498.jpg,2
8500.jpg,1
8501.jpg,2
8504.jpg,1
8508.jpg,2
8510.jpg,2
8512.jpg,1
8514.jpg,2
8517.jpg,2
8519.jpg,1
8522.jpg,1
8526.jpg,2
8529.jpg,2
8532.jpg,2
8533.jpg,2
8534.jpg,2
8535.jpg,1
8537.jpg,2
8538.jpg,1
8540.jpg,1
8542.jpg,1
8545.jpg,1
8549.jpg,2
8551.jpg,2
8552.jpg,1
8553.jpg,2
8555.jpg,2
8556.jpg,1
8557.jpg,2
8558.jpg,2
8559.jpg,1
8561.jpg,2
8564.jpg,2
8565.jpg,1
8569.jpg,2
8570.jpg,2
8577.jpg,2
8582.jpg,2
8586.jpg,2
8587.jpg,2
8588.jpg,1
8589.jpg,1
8590.jpg,2
8591.jpg,2
8592.jpg,2
8593.jpg,2
8594.jpg,1
8595.jpg,1
8596.jpg,1
8597.jpg,2
8601.jpg,2
8603.jpg,2
8604.jpg,2
8605.jpg,1
8606.jpg,2
8607.jpg,2
8610.jpg,1
8612.jpg,2
8621.jpg,2
8624.jpg,2
8625.jpg,2
8626.jpg,2
8627.jpg,2
8628.jpg,2
8630.jpg,2
8637.jpg,2
8638.jpg,2
8639.jpg,2
8647.jpg,1
8648.jpg,2
8649.jpg,2
8655.jpg,2
8661.jpg,1
8664.jpg,2
8670.jpg,2
8671.jpg,2
8672.jpg,2
8674.jpg,2
8677.jpg,2
8680.jpg,2
8686.jpg,2
8687.jpg,2
8688.jpg,2
8689.jpg,2
8691.jpg,1
8692.jpg,2
8695.jpg,2
8696.jpg,1
8702.jpg,1
8703.jpg,1
8704.jpg,2
8707.jpg,2
8709.jpg,2
8711.jpg,2
8718.jpg,2
8720.jpg,2
8721.jpg,1
8725.jpg,2
8728.jpg,2
8729.jpg,1
8732.jpg,2
8734.jpg,1
8736.jpg,2
8737.jpg,1
8743.jpg,1
8744.jpg,2
8746.jpg,2
8747.jpg,2
8749.jpg,2
8750.jpg,2
8753.jpg,2
8754.jpg,2
8755.jpg,2
8756.jpg,1
8757.jpg,2
8759.jpg,2
8760.jpg,1
8768.jpg,2
8769.jpg,2
8770.jpg,2
8771.jpg,2
8774.jpg,2
8776.jpg,1
8779.jpg,2
8787.jpg,1
8788.jpg,2
8789.jpg,1
8791.jpg,2
8793.jpg,1
8795.jpg,2
8799.jpg,2
8800.jpg,2
8801.jpg,2
8802.jpg,2
8803.jpg,2
8804.jpg,2
8807.jpg,2
8811.jpg,2
8813.jpg,1
8814.jpg,2
8815.jpg,2
8816.jpg,2
8818.jpg,2
8819.jpg,2
8820.jpg,2
8824.jpg,1
8825.jpg,2
8826.jpg,2
8828.jpg,1
8835.jpg,1
8836.jpg,2
8840.jpg,2
8843.jpg,2
8844.jpg,1
8845.jpg,2
8847.jpg,2
8851.jpg,2
8854.jpg,2
8858.jpg,2
8859.jpg,2
8860.jpg,2
8862.jpg,2
8864.jpg,1
8865.jpg,1
8867.jpg,2
8868.jpg,2
8870.jpg,2
8871.jpg,2
8874.jpg,2
8876.jpg,1
8877.jpg,2
8878.jpg,2
8880.jpg,2
8883.jpg,2
8885.jpg,1
8886.jpg,2
8888.jpg,1
8889.jpg,1
8890.jpg,2
8891.jpg,2
8894.jpg,2
8896.jpg,1
8900.jpg,1
8901.jpg,1
8904.jpg,2
8911.jpg,2
8912.jpg,2
8913.jpg,2
8914.jpg,2
8915.jpg,2
8920.jpg,2
8923.jpg,2
8924.jpg,2
8925.jpg,2
8927.jpg,2
8931.jpg,2
8933.jpg,1
8936.jpg,1
8937.jpg,1
8938.jpg,2
8944.jpg,1
8945.jpg,2
8948.jpg,2
8950.jpg,1
8953.jpg,2
8954.jpg,1
8956.jpg,1
8957.jpg,1
8960.jpg,1
8964.jpg,2
8970.jpg,2
8976.jpg,2
8978.jpg,1
8979.jpg,2
8980.jpg,2
8981.jpg,1
8982.jpg,1
8983.jpg,2
8986.jpg,2
8988.jpg,2
8990.jpg,2
8991.jpg,1
8994.jpg,2
8999.jpg,1
9001.jpg,2
9004.jpg,2
9006.jpg,1
9008.jpg,1
9009.jpg,2
9010.jpg,2
9011.jpg,1
9012.jpg,2
9021.jpg,2
9024.jpg,1
9026.jpg,1
9027.jpg,2
9033.jpg,2
9034.jpg,2
9039.jpg,2
9043.jpg,2
9044.jpg,1
9045.jpg,1
9047.jpg,2
9049.jpg,1
9050.jpg,1
9052.jpg,2
9054.jpg,1
9059.jpg,2
9060.jpg,2
9064.jpg,1
9066.jpg,2
9069.jpg,2
9072.jpg,1
9076.jpg,1
9078.jpg,1
9081.jpg,2
9084.jpg,2
9085.jpg,2
9087.jpg,1
9088.jpg,2
9089.jpg,2
9092.jpg,1
9094.jpg,1
9099.jpg,2
9100.jpg,1
9101.jpg,2
9102.jpg,2
9105.jpg,2
9107.jpg,1
9109.jpg,2
9110.jpg,1
9111.jpg,1
9116.jpg,2
9118.jpg,2
9122.jpg,2
9123.jpg,2
9124.jpg,2
9126.jpg,2
9128.jpg,2
9132.jpg,2
9133.jpg,2
9138.jpg,2
9140.jpg,2
9145.jpg,2
9146.jpg,1
9148.jpg,2
9149.jpg,1
9151.jpg,2
9154.jpg,1
9155.jpg,1
9158.jpg,2
9159.jpg,1
9165.jpg,2
9167.jpg,1
9169.jpg,1
9170.jpg,1
9171.jpg,2
9174.jpg,1
9175.jpg,2
9176.jpg,1
9180.jpg,1
9181.jpg,2
9184.jpg,1
9188.jpg,2
9191.jpg,2
9193.jpg,1
9194.jpg,2
9195.jpg,1
9197.jpg,2
9198.jpg,2
9199.jpg,2
9200.jpg,1
9201.jpg,1
9202.jpg,2
9203.jpg,2
9204.jpg,2
9205.jpg,2
9206.jpg,2
9209.jpg,2
9210.jpg,2
9214.jpg,2
9215.jpg,2
9219.jpg,1
9220.jpg,2
9223.jpg,1
9224.jpg,2
9225.jpg,2
9227.jpg,1
9229.jpg,2
9230.jpg,2
9231.jpg,2
9232.jpg,1
9235.jpg,1
9236.jpg,2
9239.jpg,2
9246.jpg,1
9248.jpg,2
9250.jpg,1
9251.jpg,2
9254.jpg,1
9255.jpg,2
9259.jpg,2
9262.jpg,2
9263.jpg,1
9264.jpg,2
9265.jpg,2
9266.jpg,2
9267.jpg,1
9268.jpg,1
9273.jpg,1
9277.jpg,2
9278.jpg,2
9279.jpg,1
9281.jpg,2
9282.jpg,1
9292.jpg,1
9294.jpg,1
9295.jpg,1
9296.jpg,2
9299.jpg,2
9304.jpg,2
9305.jpg,2
9306.jpg,2
9307.jpg,2
9308.jpg,2
9309.jpg,2
9310.jpg,2
9316.jpg,1
9317.jpg,2
9318.jpg,2
9319.jpg,2
9322.jpg,2
9327.jpg,2
9328.jpg,2
9331.jpg,1
9332.jpg,2
9340.jpg,2
9342.jpg,2
9343.jpg,2
9344.jpg,2
9345.jpg,2
9348.jpg,2
9350.jpg,2
9351.jpg,1
9352.jpg,2
9354.jpg,1
9356.jpg,1
9359.jpg,2
9361.jpg,2
9363.jpg,2
9364.jpg,1
9366.jpg,1
9368.jpg,2
9369.jpg,2
9370.jpg,2
9372.jpg,2
9373.jpg,2
9374.jpg,2
9379.jpg,1
9381.jpg,1
9385.jpg,2
9386.jpg,1
9388.jpg,1
9389.jpg,2
9392.jpg,2
9393.jpg,1
9395.jpg,2
9396.jpg,1
9397.jpg,2
9398.jpg,1
9402.jpg,2
9403.jpg,2
9404.jpg,1
9406.jpg,2
9408.jpg,2
9411.jpg,2
9412.jpg,2
9416.jpg,2
9417.jpg,1
9418.jpg,2
9420.jpg,2
9423.jpg,2
9424.jpg,2
9425.jpg,1
9430.jpg,1
9431.jpg,1
9437.jpg,2
9440.jpg,2
9453.jpg,2
9457.jpg,1
9458.jpg,2
9464.jpg,2
9467.jpg,2
9468.jpg,2
9469.jpg,1
9470.jpg,2
9473.jpg,1
9474.jpg,2
9475.jpg,2
9476.jpg,1
9480.jpg,2
9483.jpg,2
9484.jpg,2
9488.jpg,1
9491.jpg,1
9493.jpg,1
9496.jpg,2
9497.jpg,2
9498.jpg,1
9500.jpg,2
9502.jpg,2
9503.jpg,1
9506.jpg,1
9507.jpg,1
9508.jpg,2
9509.jpg,1
9512.jpg,2
9514.jpg,2
9515.jpg,1
9518.jpg,1
9520.jpg,2
9528.jpg,2
9532.jpg,2
9534.jpg,2
9535.jpg,2
9537.jpg,1
9543.jpg,2
9550.jpg,1
9553.jpg,2
9555.jpg,1
9559.jpg,1
9560.jpg,2
9562.jpg,2
9565.jpg,1
9566.jpg,1
9567.jpg,2
9568.jpg,2
9570.jpg,2
9571.jpg,2
9574.jpg,1
9576.jpg,2
9578.jpg,1
9579.jpg,2
9581.jpg,2
9586.jpg,1
9591.jpg,2
9593.jpg,2
9596.jpg,2
9598.jpg,2
9601.jpg,2
9602.jpg,2
9603.jpg,2
9605.jpg,1
9606.jpg,2
9608.jpg,1
9609.jpg,2
9611.jpg,2
9614.jpg,2
9615.jpg,2
9616.jpg,2
9618.jpg,2
9622.jpg,2
9623.jpg,2
9629.jpg,2
9631.jpg,2
9637.jpg,1
9638.jpg,2
9642.jpg,2
9643.jpg,1
9644.jpg,2
9646.jpg,2
9649.jpg,2
9650.jpg,2
9655.jpg,1
9658.jpg,2
9660.jpg,2
9665.jpg,2
9670.jpg,2
9672.jpg,1
9673.jpg,1
9674.jpg,2
9677.jpg,2
9678.jpg,2
9681.jpg,2
9682.jpg,1
9684.jpg,2
9686.jpg,1
9687.jpg,1
9688.jpg,2
9693.jpg,2
9694.jpg,2
9695.jpg,1
9698.jpg,1
9699.jpg,2
9700.jpg,2
9702.jpg,1
9704.jpg,1
9705.jpg,2
9708.jpg,2
9709.jpg,2
9714.jpg,1
9715.jpg,2
9717.jpg,2
9720.jpg,2
9724.jpg,2
9725.jpg,1
9726.jpg,1
9729.jpg,1
9730.jpg,2
9731.jpg,2
9732.jpg,2
9733.jpg,1
9743.jpg,2
9745.jpg,2
9748.jpg,2
9751.jpg,1
9752.jpg,2
9753.jpg,2
9755.jpg,2
9760.jpg,1
9764.jpg,1
9767.jpg,2
9768.jpg,2
9774.jpg,2
9775.jpg,2
9776.jpg,1
9777.jpg,1
9778.jpg,2
9782.jpg,2
9783.jpg,2
9791.jpg,2
9794.jpg,2
9796.jpg,1
9797.jpg,2
9800.jpg,1
9803.jpg,2
9807.jpg,1
9808.jpg,1
9811.jpg,1
9812.jpg,1
9813.jpg,2
9814.jpg,1
9815.jpg,1
9819.jpg,2
9820.jpg,2
9823.jpg,1
9824.jpg,1
9825.jpg,2
9827.jpg,1
9828.jpg,2
9831.jpg,2
9833.jpg,2
9834.jpg,1
9835.jpg,2
9839.jpg,2
9840.jpg,2
9841.jpg,1
9842.jpg,2
9844.jpg,1
9846.jpg,2
9854.jpg,1
9855.jpg,2
9857.jpg,1
9862.jpg,1
9864.jpg,2
9865.jpg,1
9867.jpg,1
9868.jpg,1
9869.jpg,1
9870.jpg,1
9871.jpg,2
9875.jpg,1
9876.jpg,2
9877.jpg,2
9878.jpg,2
9879.jpg,1
9886.jpg,2
9887.jpg,2
9888.jpg,2
9895.jpg,1
9896.jpg,2
9897.jpg,2
9898.jpg,2
9900.jpg,2
9902.jpg,2
9903.jpg,1
9904.jpg,1
9906.jpg,2
9912.jpg,2
9915.jpg,2
9916.jpg,2
9920.jpg,2
9922.jpg,2
9925.jpg,2
9927.jpg,2
9932.jpg,2
9933.jpg,2
9935.jpg,2
9942.jpg,2
9946.jpg,2
9947.jpg,2
9949.jpg,2
9950.jpg,2
9951.jpg,2
9953.jpg,1
9956.jpg,2
9957.jpg,2
9958.jpg,1
9961.jpg,2
9964.jpg,1
9965.jpg,1
9968.jpg,2
9971.jpg,2
9973.jpg,1
9974.jpg,2
9975.jpg,2
9977.jpg,2
9978.jpg,1
9980.jpg,2
9983.jpg,2
9986.jpg,2
9987.jpg,2
9989.jpg,2
9991.jpg,1
9992.jpg,1
9996.jpg,1
